_var0_0;1.0
_var0_1;0.0
_var0_2;0.0
_var0_3;0.0
_var0_4;0.0
_var0_5;0.0
_var0_6;0.0
_var0_7;0.0
_var0_8;0.0
_var10_0;0.0
_var10_1;0.0
_var10_2;1.0
_var10_3;0.0
_var10_4;0.0
_var10_5;0.0
_var10_6;0.0
_var10_7;0.0
_var10_8;0.0
_var11_0;0.0
_var11_1;0.0
_var11_2;0.0
_var11_3;0.0
_var11_4;0.0
_var11_5;0.0
_var11_6;0.0
_var11_7;0.0
_var11_8;1.0
_var12_0;0.0
_var12_1;0.0
_var12_2;0.0
_var12_3;1.0
_var12_4;0.0
_var12_5;0.0
_var12_6;0.0
_var12_7;0.0
_var12_8;0.0
_var13_0;0.0
_var13_1;0.0
_var13_2;0.0
_var13_3;0.0
_var13_4;0.0
_var13_5;1.0
_var13_6;0.0
_var13_7;0.0
_var13_8;0.0
_var14_0;0.0
_var14_1;0.0
_var14_2;0.0
_var14_3;0.0
_var14_4;0.0
_var14_5;0.0
_var14_6;0.0
_var14_7;0.0
_var14_8;0.0
_var15_0;0.0
_var15_1;0.0
_var15_2;0.0
_var15_3;0.0
_var15_4;0.0
_var15_5;0.0
_var15_6;0.0
_var15_7;0.0
_var15_8;0.0
_var16_0;0.0
_var16_1;0.0
_var16_2;0.0
_var16_3;1.0
_var16_4;0.0
_var16_5;0.0
_var16_6;0.0
_var16_7;0.0
_var16_8;0.0
_var17_0;1.0
_var17_1;0.0
_var17_2;0.0
_var17_3;0.0
_var17_4;0.0
_var17_5;0.0
_var17_6;0.0
_var17_7;0.0
_var17_8;0.0
_var18_0;0.0
_var18_1;0.0
_var18_2;0.0
_var18_4;0.0
_var18_5;0.0
_var18_6;0.0
_var18_7;1.0
_var18_8;0.0
_var19_0;0.0
_var19_2;0.0
_var19_3;0.0
_var19_4;0.0
_var19_5;0.0
_var19_6;0.0
_var19_7;0.0
_var19_8;0.0
_var1_0;0.0
_var1_1;0.0
_var1_2;0.0
_var1_3;0.0
_var1_4;0.0
_var1_6;0.0
_var1_7;0.0
_var20_0;0.0
_var20_1;0.0
_var20_2;0.0
_var20_3;0.0
_var20_4;0.0
_var20_5;0.0
_var20_6;0.0
_var20_7;0.0
_var20_8;0.0
_var21_0;0.0
_var21_1;0.0
_var21_2;0.0
_var21_3;1.0
_var21_4;0.0
_var21_5;0.0
_var21_6;0.0
_var21_7;0.0
_var21_8;0.0
_var22_0;0.0
_var22_1;0.0
_var22_2;0.0
_var22_3;0.0
_var22_4;0.0
_var22_5;0.0
_var22_6;0.0
_var22_7;0.0
_var22_8;0.0
_var23_0;1.0
_var23_1;0.0
_var23_3;0.0
_var23_4;0.0
_var23_5;0.0
_var23_6;0.0
_var23_7;0.0
_var23_8;0.0
_var24_1;0.0
_var24_2;0.0
_var24_3;0.0
_var24_4;0.0
_var24_5;0.0
_var24_6;0.0
_var24_7;0.0
_var24_8;0.0
_var25_0;0.0
_var25_1;0.0
_var25_2;0.0
_var25_3;0.0
_var25_4;0.0
_var25_5;1.0
_var25_6;0.0
_var25_7;0.0
_var25_8;0.0
_var26_0;0.0
_var26_1;0.0
_var26_2;0.0
_var26_3;0.0
_var26_4;1.0
_var26_5;0.0
_var26_6;0.0
_var26_8;0.0
_var27_0;0.0
_var27_1;0.0
_var27_2;0.0
_var27_3;0.0
_var27_4;0.0
_var27_5;1.0
_var27_6;0.0
_var27_7;0.0
_var27_8;0.0
_var28_0;0.0
_var28_1;0.0
_var28_2;0.0
_var28_3;0.0
_var28_4;1.0
_var28_5;0.0
_var28_6;0.0
_var28_7;0.0
_var28_8;0.0
_var29_0;0.0
_var29_1;0.0
_var29_2;0.0
_var29_3;0.0
_var29_4;0.0
_var29_5;0.0
_var29_6;0.0
_var29_8;0.0
_var2_0;0.0
_var2_1;0.0
_var2_2;0.0
_var2_3;0.0
_var2_4;0.0
_var2_5;0.0
_var2_6;0.0
_var2_7;0.0
_var2_8;0.0
_var30_0;0.0
_var30_1;0.0
_var30_2;0.0
_var30_3;0.0
_var30_4;0.0
_var30_5;0.0
_var30_6;1.0
_var30_7;0.0
_var30_8;0.0
_var31_0;1.0
_var31_1;0.0
_var31_2;0.0
_var31_3;0.0
_var31_4;0.0
_var31_5;0.0
_var31_6;0.0
_var31_7;0.0
_var31_8;0.0
_var32_0;0.0
_var32_1;0.0
_var32_2;0.0
_var32_3;0.0
_var32_4;0.0
_var32_5;0.0
_var32_6;0.0
_var32_7;0.0
_var32_8;0.0
_var33_0;0.0
_var33_1;1.0
_var33_2;0.0
_var33_3;0.0
_var33_4;0.0
_var33_5;0.0
_var33_6;0.0
_var33_7;0.0
_var33_8;0.0
_var34_0;0.0
_var34_1;0.0
_var34_2;0.0
_var34_3;0.0
_var34_4;0.0
_var34_5;0.0
_var34_6;1.0
_var34_7;0.0
_var34_8;0.0
_var35_0;0.0
_var35_1;0.0
_var35_2;0.0
_var35_3;0.0
_var35_4;0.0
_var35_5;0.0
_var35_6;0.0
_var35_7;0.0
_var35_8;0.0
_var36_0;0.0
_var36_1;0.0
_var36_2;0.0
_var36_3;0.0
_var36_4;0.0
_var36_6;0.0
_var36_7;0.0
_var36_8;0.0
_var37_0;0.0
_var37_1;1.0
_var37_2;0.0
_var37_3;0.0
_var37_4;0.0
_var37_5;0.0
_var37_6;0.0
_var37_7;0.0
_var37_8;0.0
_var38_0;0.0
_var38_1;0.0
_var38_2;0.0
_var38_3;0.0
_var38_4;0.0
_var38_5;0.0
_var38_6;0.0
_var38_7;0.0
_var38_8;0.0
_var39_0;0.0
_var39_1;0.0
_var39_2;0.0
_var39_3;0.0
_var39_4;0.0
_var39_5;0.0
_var39_6;0.0
_var39_7;0.0
_var39_8;0.0
_var3_0;0.0
_var3_1;0.0
_var3_2;0.0
_var3_3;0.0
_var3_4;0.0
_var3_5;0.0
_var3_6;0.0
_var3_7;0.0
_var3_8;0.0
_var40_0;0.0
_var40_1;0.0
_var40_2;0.0
_var40_3;1.0
_var40_4;0.0
_var40_5;0.0
_var40_6;0.0
_var40_7;0.0
_var40_8;0.0
_var41_1;0.0
_var41_2;0.0
_var41_3;0.0
_var41_4;0.0
_var41_5;0.0
_var41_6;0.0
_var41_7;0.0
_var41_8;0.0
_var42_0;0.0
_var42_1;0.0
_var42_2;0.0
_var42_3;0.0
_var42_4;0.0
_var42_5;0.0
_var42_6;0.0
_var42_7;0.0
_var42_8;0.0
_var43_0;0.0
_var43_1;0.0
_var43_2;0.0
_var43_3;0.0
_var43_4;0.0
_var43_5;0.0
_var43_6;1.0
_var43_7;0.0
_var43_8;0.0
_var44_0;0.0
_var44_1;0.0
_var44_2;0.0
_var44_3;0.0
_var44_4;0.0
_var44_5;0.0
_var44_6;0.0
_var44_7;0.0
_var44_8;0.0
_var45_0;0.0
_var45_1;0.0
_var45_2;1.0
_var45_3;0.0
_var45_4;0.0
_var45_5;0.0
_var45_6;0.0
_var45_7;0.0
_var45_8;0.0
_var46_0;0.0
_var46_1;0.0
_var46_2;1.0
_var46_3;0.0
_var46_4;0.0
_var46_5;0.0
_var46_6;0.0
_var46_7;0.0
_var46_8;0.0
_var47_0;1.0
_var47_1;0.0
_var47_2;0.0
_var47_3;0.0
_var47_4;0.0
_var47_5;0.0
_var47_6;0.0
_var47_7;0.0
_var47_8;0.0
_var48_0;0.0
_var48_1;0.0
_var48_2;0.0
_var48_3;0.0
_var48_4;0.0
_var48_5;0.0
_var48_6;0.0
_var48_7;0.0
_var48_8;0.0
_var49_0;0.0
_var49_1;0.0
_var49_2;0.0
_var49_3;0.0
_var49_5;0.0
_var49_6;0.0
_var49_7;0.0
_var49_8;0.0
_var4_0;0.0
_var4_1;0.0
_var4_2;0.0
_var4_3;0.0
_var4_4;0.0
_var4_5;0.0
_var4_6;1.0
_var4_7;0.0
_var4_8;0.0
_var50_0;0.0
_var50_1;0.0
_var50_2;0.0
_var50_3;0.0
_var50_4;0.0
_var50_5;0.0
_var50_6;0.0
_var50_7;0.0
_var50_8;0.0
_var51_0;0.0
_var51_1;0.0
_var51_2;0.0
_var51_3;1.0
_var51_4;0.0
_var51_5;0.0
_var51_6;0.0
_var51_7;0.0
_var51_8;0.0
_var52_0;1.0
_var52_1;0.0
_var52_2;0.0
_var52_3;0.0
_var52_4;0.0
_var52_5;0.0
_var52_6;0.0
_var52_7;0.0
_var52_8;0.0
_var53_0;0.0
_var53_1;0.0
_var53_2;0.0
_var53_3;0.0
_var53_4;0.0
_var53_5;0.0
_var53_6;0.0
_var53_7;0.0
_var53_8;0.0
_var54_0;0.0
_var54_1;0.0
_var54_2;0.0
_var54_3;0.0
_var54_4;0.0
_var54_5;0.0
_var54_7;0.0
_var54_8;0.0
_var55_0;0.0
_var55_1;0.0
_var55_2;0.0
_var55_3;0.0
_var55_4;0.0
_var55_5;1.0
_var55_6;0.0
_var55_7;0.0
_var55_8;0.0
_var56_0;0.0
_var56_1;0.0
_var56_2;0.0
_var56_3;0.0
_var56_4;0.0
_var56_5;0.0
_var56_6;0.0
_var56_7;0.0
_var56_8;0.0
_var57_0;0.0
_var57_1;0.0
_var57_2;0.0
_var57_3;0.0
_var57_4;1.0
_var57_5;0.0
_var57_6;0.0
_var57_7;0.0
_var57_8;0.0
_var58_0;0.0
_var58_1;0.0
_var58_2;0.0
_var58_3;0.0
_var58_4;0.0
_var58_5;0.0
_var58_6;0.0
_var58_7;0.0
_var58_8;1.0
_var59_0;0.0
_var59_1;0.0
_var59_2;0.0
_var59_5;0.0
_var59_6;0.0
_var59_7;0.0
_var59_8;0.0
_var5_0;0.0
_var5_1;0.0
_var5_2;0.0
_var5_3;0.0
_var5_4;0.0
_var5_5;1.0
_var5_6;0.0
_var5_7;0.0
_var5_8;0.0
_var60_0;0.0
_var60_1;0.0
_var60_2;0.0
_var60_3;0.0
_var60_4;0.0
_var60_5;0.0
_var60_6;1.0
_var60_7;0.0
_var60_8;0.0
_var61_0;0.0
_var61_1;0.0
_var61_2;0.0
_var61_3;0.0
_var61_4;0.0
_var61_5;0.0
_var61_6;0.0
_var61_7;0.0
_var61_8;0.0
_var62_0;1.0
_var62_1;0.0
_var62_2;0.0
_var62_3;0.0
_var62_4;0.0
_var62_5;0.0
_var62_6;0.0
_var62_7;0.0
_var62_8;0.0
_var63_0;0.0
_var63_1;0.0
_var63_2;0.0
_var63_3;0.0
_var63_4;0.0
_var63_5;0.0
_var63_6;0.0
_var63_7;0.0
_var63_8;1.0
_var64_0;0.0
_var64_1;0.0
_var64_2;0.0
_var64_3;0.0
_var64_4;0.0
_var64_5;0.0
_var64_7;0.0
_var64_8;0.0
_var65_0;0.0
_var65_1;0.0
_var65_2;0.0
_var65_3;0.0
_var65_4;0.0
_var65_5;0.0
_var65_6;0.0
_var65_7;0.0
_var65_8;0.0
_var66_0;0.0
_var66_1;1.0
_var66_2;0.0
_var66_3;0.0
_var66_4;0.0
_var66_5;0.0
_var66_6;0.0
_var66_7;0.0
_var66_8;0.0
_var67_0;0.0
_var67_1;0.0
_var67_2;0.0
_var67_3;0.0
_var67_4;0.0
_var67_5;0.0
_var67_6;0.0
_var67_7;0.0
_var67_8;0.0
_var68_0;0.0
_var68_1;0.0
_var68_2;0.0
_var68_3;0.0
_var68_4;0.0
_var68_5;0.0
_var68_6;0.0
_var68_7;0.0
_var68_8;0.0
_var69_0;0.0
_var69_1;0.0
_var69_2;0.0
_var69_3;0.0
_var69_4;0.0
_var69_5;0.0
_var69_6;0.0
_var69_7;0.0
_var69_8;0.0
_var6_0;0.0
_var6_1;0.0
_var6_2;0.0
_var6_3;0.0
_var6_4;0.0
_var6_5;0.0
_var6_6;0.0
_var6_7;0.0
_var6_8;0.0
_var70_0;0.0
_var70_1;1.0
_var70_2;0.0
_var70_3;0.0
_var70_4;0.0
_var70_5;0.0
_var70_6;0.0
_var70_7;0.0
_var70_8;0.0
_var71_0;0.0
_var71_1;0.0
_var71_2;0.0
_var71_3;0.0
_var71_4;0.0
_var71_5;0.0
_var71_6;0.0
_var71_7;0.0
_var71_8;0.0
_var72_0;0.0
_var72_1;0.0
_var72_2;0.0
_var72_3;0.0
_var72_4;0.0
_var72_5;1.0
_var72_6;0.0
_var72_7;0.0
_var72_8;0.0
_var73_0;0.0
_var73_1;0.0
_var73_2;0.0
_var73_3;0.0
_var73_4;0.0
_var73_5;0.0
_var73_6;0.0
_var73_7;0.0
_var73_8;1.0
_var74_0;0.0
_var74_1;0.0
_var74_2;0.0
_var74_3;0.0
_var74_4;0.0
_var74_5;0.0
_var74_6;0.0
_var74_7;0.0
_var74_8;0.0
_var75_0;0.0
_var75_1;0.0
_var75_2;0.0
_var75_3;0.0
_var75_4;1.0
_var75_5;0.0
_var75_6;0.0
_var75_7;0.0
_var75_8;0.0
_var76_0;0.0
_var76_1;0.0
_var76_2;0.0
_var76_3;0.0
_var76_4;0.0
_var76_5;0.0
_var76_6;0.0
_var76_7;0.0
_var76_8;0.0
_var77_0;0.0
_var77_1;0.0
_var77_2;1.0
_var77_3;0.0
_var77_4;0.0
_var77_5;0.0
_var77_6;0.0
_var77_7;0.0
_var77_8;0.0
_var78_0;0.0
_var78_1;0.0
_var78_2;0.0
_var78_3;0.0
_var78_4;0.0
_var78_5;0.0
_var78_6;0.0
_var78_7;0.0
_var79_0;0.0
_var79_1;0.0
_var79_2;0.0
_var79_3;0.0
_var79_4;0.0
_var79_5;0.0
_var79_6;1.0
_var79_7;0.0
_var79_8;0.0
_var7_0;0.0
_var7_1;1.0
_var7_2;0.0
_var7_3;0.0
_var7_4;0.0
_var7_5;0.0
_var7_6;0.0
_var7_7;0.0
_var7_8;0.0
_var80_1;0.0
_var80_2;1.0
_var80_3;0.0
_var80_4;0.0
_var80_5;0.0
_var80_6;0.0
_var80_7;0.0
_var80_8;0.0
_var81_0;0.0
_var81_1;1.0
_var81_2;0.0
_var81_3;0.0
_var81_4;0.0
_var81_5;0.0
_var81_6;0.0
_var81_7;0.0
_var81_8;0.0
_var82_0;0.0
_var82_1;0.0
_var82_2;0.0
_var82_3;0.0
_var82_4;0.0
_var82_5;0.0
_var82_6;0.0
_var82_7;0.0
_var82_8;0.0
_var83_0;0.0
_var83_1;0.0
_var83_2;0.0
_var83_3;0.0
_var83_4;0.0
_var83_5;0.0
_var83_6;0.0
_var83_7;1.0
_var83_8;0.0
_var84_0;0.0
_var84_1;0.0
_var84_2;0.0
_var84_3;0.0
_var84_4;0.0
_var84_5;0.0
_var84_6;0.0
_var84_7;0.0
_var84_8;0.0
_var85_0;0.0
_var85_1;0.0
_var85_2;0.0
_var85_3;0.0
_var85_4;0.0
_var85_5;0.0
_var85_6;0.0
_var85_7;1.0
_var85_8;0.0
_var86_0;0.0
_var86_1;0.0
_var86_2;0.0
_var86_3;0.0
_var86_4;0.0
_var86_5;0.0
_var86_6;0.0
_var86_7;0.0
_var86_8;0.0
_var87_0;0.0
_var87_1;0.0
_var87_2;0.0
_var87_3;0.0
_var87_4;0.0
_var87_5;0.0
_var87_6;0.0
_var87_7;1.0
_var87_8;0.0
_var88_0;0.0
_var88_1;0.0
_var88_2;0.0
_var88_3;0.0
_var88_4;0.0
_var88_5;0.0
_var88_6;0.0
_var88_7;0.0
_var88_8;1.0
_var89_0;0.0
_var89_1;0.0
_var89_2;0.0
_var89_3;0.0
_var89_4;1.0
_var89_5;0.0
_var89_6;0.0
_var89_7;0.0
_var89_8;0.0
_var8_0;0.0
_var8_1;0.0
_var8_2;0.0
_var8_4;0.0
_var8_5;0.0
_var8_6;0.0
_var8_7;0.0
_var8_8;0.0
_var90_0;0.0
_var90_1;0.0
_var90_2;0.0
_var90_3;0.0
_var90_4;0.0
_var90_5;0.0
_var90_6;0.0
_var90_7;0.0
_var90_8;0.0
_var91_0;0.0
_var91_1;0.0
_var91_2;0.0
_var91_3;0.0
_var91_4;0.0
_var91_5;0.0
_var91_6;0.0
_var91_7;0.0
_var91_8;1.0
_var92_1;0.0
_var92_2;0.0
_var92_3;0.0
_var92_4;0.0
_var92_5;0.0
_var92_6;0.0
_var92_7;0.0
_var92_8;0.0
_var93_0;0.0
_var93_1;0.0
_var93_2;0.0
_var93_3;0.0
_var93_4;1.0
_var93_5;0.0
_var93_6;0.0
_var93_7;0.0
_var93_8;0.0
_var94_0;0.0
_var94_1;0.0
_var94_2;1.0
_var94_3;0.0
_var94_4;0.0
_var94_5;0.0
_var94_6;0.0
_var94_7;0.0
_var94_8;0.0
_var95_0;0.0
_var95_1;0.0
_var95_2;0.0
_var95_3;0.0
_var95_4;0.0
_var95_5;0.0
_var95_6;1.0
_var95_7;0.0
_var95_8;0.0
_var96_0;0.0
_var96_1;0.0
_var96_2;0.0
_var96_3;0.0
_var96_4;0.0
_var96_5;0.0
_var96_6;0.0
_var96_7;1.0
_var96_8;0.0
_var97_0;0.0
_var97_1;0.0
_var97_3;0.0
_var97_4;0.0
_var97_5;0.0
_var97_6;0.0
_var97_7;0.0
_var97_8;0.0
_var98_1;0.0
_var98_2;0.0
_var98_3;1.0
_var98_4;0.0
_var98_5;0.0
_var98_6;0.0
_var98_7;0.0
_var98_8;0.0
_var99_0;0.0
_var99_1;0.0
_var99_2;0.0
_var99_3;0.0
_var99_4;0.0
_var99_5;0.0
_var99_6;0.0
_var99_7;1.0
_var99_8;0.0
_var9_0;0.0
_var9_1;0.0
_var9_2;0.0
_var9_3;0.0
_var9_4;0.0
_var9_5;0.0
_var9_6;0.0
_var9_7;0.0
_var9_8;0.0
68.04168365969592*_var0_0 + 19.81392879546032*_var0_1 + 28.275612391265724*_var0_2 + 47.016833336679*_var0_3 + 29.945150203187136*_var0_4 + 37.913117041947835*_var0_5 + 50.08619084712997*_var0_6 + 36.0618469249084*_var0_7 + 46.85308386381001*_var0_8 + 41.19170996948601*_var10_0 + 30.341584561587943*_var10_1 + 76.6989593557072*_var10_2 + 48.24882796827159*_var10_3 + 57.962448060457426*_var10_4 + 31.768929556849116*_var10_5 + 66.38147149175252*_var10_6 + 40.85639410474868*_var10_7 + 33.13809266329566*_var10_8 + 54.89380238431996*_var11_0 + 46.43707542106401*_var11_1 + 31.51696990984844*_var11_2 + 56.41665766215722*_var11_3 + 38.47367325519151*_var11_4 + 26.213207726676096*_var11_5 + 30.03774827004911*_var11_6 + 51.56522137969692*_var11_7 + 65.8879238206503*_var11_8 + 28.233559896204984*_var12_0 + 62.88054587993471*_var12_1 + 48.87508352891331*_var12_2 + 70.15452028644877*_var12_3 + 23.940831150385097*_var12_4 + 54.04515944803213*_var12_5 + 48.687413582011914*_var12_6 + 64.89031785396664*_var12_7 + 45.625794764067*_var12_8 + 32.923486281248934*_var13_0 + 31.09751574154332*_var13_1 + 51.39268653617843*_var13_2 + 20.255034025861985*_var13_3 + 50.901510861684805*_var13_4 + 76.2682743442789*_var13_5 + 51.88651031955946*_var13_6 + 52.84017430627816*_var13_7 + 48.23622715009428*_var13_8 + 58.99684109590146*_var14_0 + 58.643931243907375*_var14_1 + 39.34180559295657*_var14_2 + 52.60643183659756*_var14_3 + 51.90039257217812*_var14_4 + 59.21108995901322*_var14_5 + 55.81621884927836*_var14_6 + 49.78387331447906*_var14_7 + 58.269098078649904*_var14_8 + 45.16018373984881*_var15_0 + 45.09804716492922*_var15_1 + 51.033172932703216*_var15_2 + 54.20443397302496*_var15_3 + 50.48904885064417*_var15_4 + 28.216488706086093*_var15_5 + 45.58076052927287*_var15_6 + 46.82823281556428*_var15_7 + 51.22401630906331*_var15_8 + 25.670897649713375*_var16_0 + 52.81710796798587*_var16_1 + 32.70243339411984*_var16_2 + 64.91013724118794*_var16_3 + 51.14888407419887*_var16_4 + 35.87539377986436*_var16_5 + 36.29527292043562*_var16_6 + 32.249994439735524*_var16_7 + 54.5104136690847*_var16_8 + 71.42445514862703*_var17_0 + 49.29530552843349*_var17_1 + 28.339500406653706*_var17_2 + 51.60138313452668*_var17_3 + 45.7397257372609*_var17_4 + 64.33240227573415*_var17_5 + 30.65848018070181*_var17_6 + 52.341141859653796*_var17_7 + 40.294821930453*_var17_8 + 48.30990485745901*_var18_0 + 50.00696662624477*_var18_1 + 29.909972534560644*_var18_2 + 22.435325969004666*_var18_4 + 48.724721597754986*_var18_5 + 39.48586877652347*_var18_6 + 70.65979649429124*_var18_7 + 56.06811832103601*_var18_8 + 52.54489046943298*_var19_0 + 51.94865829000326*_var19_2 + 54.94759655129418*_var19_3 + 48.4754829356701*_var19_4 + 43.611603603892476*_var19_5 + 36.34412539755869*_var19_6 + 29.755083485891074*_var19_7 + 41.12489442357201*_var19_8 + 44.69247520988124*_var1_0 + 26.905080942311802*_var1_1 + 39.232767860056754*_var1_2 + 38.81272925459079*_var1_3 + 42.81679585215197*_var1_4 + 36.56580620076677*_var1_6 + 22.4814938951904*_var1_7 + 44.47120885163357*_var20_0 + 30.811465904421706*_var20_1 + 28.726762080169618*_var20_2 + 35.41255684920111*_var20_3 + 50.25856641827614*_var20_4 + 54.32678839079098*_var20_5 + 59.27667029516629*_var20_6 + 58.193576937994564*_var20_7 + 54.60547544710201*_var20_8 + 39.82730838380344*_var21_0 + 41.22137495138923*_var21_1 + 58.26550465586677*_var21_2 + 70.49157396237231*_var21_3 + 51.5527143783452*_var21_4 + 46.82736319059323*_var21_5 + 47.80379270619876*_var21_6 + 42.10616689427986*_var21_7 + 31.08576576472272*_var21_8 + 33.4528229677117*_var22_0 + 56.68965167922482*_var22_1 + 22.630851476606807*_var22_2 + 51.0611172395463*_var22_3 + 32.65646126008936*_var22_4 + 37.511268934905615*_var22_5 + 37.224732611972655*_var22_6 + 40.03917191831356*_var22_7 + 29.418558031026006*_var22_8 + 62.046298872664465*_var23_0 + 45.033585987235696*_var23_1 + 26.640763044220652*_var23_3 + 19.291477939376822*_var23_4 + 29.99117777131346*_var23_5 + 27.129372075806682*_var23_6 + 29.351161163864564*_var23_7 + 22.6809200796432*_var23_8 + 35.5061880855645*_var24_1 + 41.4275819493979*_var24_2 + 24.51759966088693*_var24_3 + 49.65879018368754*_var24_4 + 37.95599908030767*_var24_5 + 44.7454851411627*_var24_6 + 36.92861325846829*_var24_7 + 48.1976862555488*_var24_8 + 44.61708553851294*_var25_0 + 30.529177750453346*_var25_1 + 31.05599571943105*_var25_2 + 46.49977469316737*_var25_3 + 35.97139751092838*_var25_4 + 75.1083215140719*_var25_5 + 51.69593357863547*_var25_6 + 55.249532457048986*_var25_7 + 55.3458759620094*_var25_8 + 53.56829609838467*_var26_0 + 33.0965690119042*_var26_1 + 44.78630986020751*_var26_2 + 38.84530369977647*_var26_3 + 61.004598699455464*_var26_4 + 52.99189300517645*_var26_5 + 65.31407751379828*_var26_6 + 49.250674667713604*_var26_8 + 53.0242364946636*_var27_0 + 47.631463842878205*_var27_1 + 56.96260140689991*_var27_2 + 46.48173687213455*_var27_3 + 43.018384165884086*_var27_4 + 66.11466602078447*_var27_5 + 35.43372221108556*_var27_6 + 46.703027961640785*_var27_7 + 32.99471439688782*_var27_8 + 59.006733183688446*_var28_0 + 39.79801978699*_var28_1 + 44.47992047640387*_var28_2 + 38.703160760648444*_var28_3 + 70.96303066056176*_var28_4 + 52.29421664288672*_var28_5 + 24.90486719196379*_var28_6 + 41.5881086802968*_var28_7 + 47.22214346383141*_var28_8 + 43.484235766915496*_var29_0 + 46.160502634995005*_var29_1 + 18.82451479218342*_var29_2 + 27.42165101239926*_var29_3 + 37.19177399046773*_var29_4 + 34.5938165506662*_var29_5 + 32.98315071323429*_var29_6 + 43.7402375409072*_var29_8 + 31.302833002448025*_var2_0 + 40.63103369725635*_var2_1 + 37.73597572157777*_var2_2 + 54.48139354716088*_var2_3 + 42.18120667471303*_var2_4 + 31.729686923988776*_var2_5 + 60.254967805464766*_var2_6 + 53.03741734452022*_var2_7 + 60.16869589092389*_var2_8 + 46.063880281102314*_var30_0 + 52.42427704324852*_var30_1 + 24.46232755022896*_var30_2 + 61.533496506416924*_var30_3 + 55.04583248248339*_var30_4 + 58.675942954298286*_var30_5 + 67.63685632907112*_var30_6 + 21.600454063381445*_var30_7 + 63.0980645640903*_var30_8 + 75.68369391028824*_var31_0 + 27.73561753175195*_var31_1 + 35.76021510205994*_var31_2 + 27.99536289468299*_var31_3 + 37.573481298482704*_var31_4 + 21.737192368258032*_var31_5 + 28.566060219668664*_var31_6 + 47.22117063644388*_var31_7 + 26.8508408412645*_var31_8 + 39.92791287569287*_var32_0 + 30.241449990041307*_var32_1 + 27.67485970865706*_var32_2 + 57.4543959989692*_var32_3 + 41.82606886847969*_var32_4 + 50.5752849934139*_var32_5 + 44.327918658795994*_var32_6 + 52.37280001550788*_var32_7 + 42.92826378422373*_var32_8 + 45.50751507870104*_var33_0 + 67.42052532954959*_var33_1 + 54.7037765732591*_var33_2 + 50.34490044831657*_var33_3 + 53.583533367917326*_var33_4 + 53.71481096547184*_var33_5 + 47.515459515041115*_var33_6 + 33.81140807661481*_var33_7 + 25.5108770260983*_var33_8 + 49.13020652235929*_var34_0 + 36.01305885187436*_var34_1 + 40.75283704630043*_var34_2 + 45.65508993603388*_var34_3 + 47.28958922494154*_var34_4 + 51.10412457284781*_var34_5 + 73.4091943292101*_var34_6 + 32.28531351633997*_var34_7 + 43.477106605416*_var34_8 + 31.398782791949504*_var35_0 + 41.13970876814495*_var35_1 + 51.02229230004474*_var35_2 + 41.6891134887828*_var35_3 + 34.46751493340653*_var35_4 + 30.006098048270136*_var35_5 + 46.63794923493765*_var35_6 + 39.86619865763285*_var35_7 + 37.899428230303194*_var35_8 + 23.927027938644905*_var36_0 + 44.47063578627604*_var36_1 + 31.87242244563796*_var36_2 + 20.086051235633008*_var36_3 + 40.94091937824765*_var36_4 + 26.420332845133917*_var36_6 + 46.88719876931687*_var36_7 + 33.68560139681761*_var36_8 + 45.277678216448955*_var37_0 + 63.576053102549444*_var37_1 + 35.96379170525533*_var37_2 + 43.19055017715204*_var37_3 + 48.61765401042816*_var37_4 + 36.42523581432544*_var37_5 + 45.66159986068588*_var37_6 + 25.036396626260487*_var37_7 + 40.48342546999051*_var37_8 + 36.9311913222766*_var38_0 + 31.060934173374935*_var38_1 + 47.67742681433999*_var38_2 + 46.79511360373135*_var38_3 + 56.04838949626875*_var38_4 + 49.20227251563409*_var38_5 + 50.58921938284414*_var38_6 + 34.50185272378389*_var38_7 + 51.55696202082661*_var38_8 + 47.435172501730605*_var39_0 + 37.721628939478734*_var39_1 + 47.444810516087806*_var39_2 + 31.42160372715672*_var39_3 + 45.96675502025076*_var39_4 + 42.452477482594766*_var39_5 + 46.141359449236454*_var39_6 + 41.310288493913184*_var39_7 + 36.6390912820248*_var39_8 + 61.00418735824804*_var3_0 + 38.888363621673044*_var3_1 + 39.96945187421187*_var3_2 + 43.44527259078678*_var3_3 + 29.60555657286981*_var3_4 + 41.9525225776674*_var3_5 + 45.68089750940291*_var3_6 + 25.586013239594802*_var3_7 + 44.103006808911005*_var3_8 + 38.254678458910924*_var40_0 + 39.14782625176525*_var40_1 + 45.95344789149787*_var40_2 + 65.65042355664487*_var40_3 + 51.67083003244606*_var40_4 + 49.78060219913859*_var40_5 + 45.43659759331644*_var40_6 + 18.26098236022169*_var40_7 + 49.354655005730706*_var40_8 + 48.42446069409368*_var41_1 + 42.6159352519787*_var41_2 + 58.3393202083281*_var41_3 + 20.99910654677308*_var41_4 + 39.60623949611054*_var41_5 + 44.21831191485332*_var41_6 + 38.61909126759648*_var41_7 + 34.600657210912*_var41_8 + 51.081182829288146*_var42_0 + 43.54046180088563*_var42_1 + 54.85242331605886*_var42_2 + 40.90071052967536*_var42_3 + 35.73249880186576*_var42_4 + 55.997814970661864*_var42_5 + 55.05395373465557*_var42_6 + 41.94023588132712*_var42_7 + 49.99553184762001*_var42_8 + 22.176120071445574*_var43_0 + 44.594573561643145*_var43_1 + 38.40623227020199*_var43_2 + 42.785059464046114*_var43_3 + 34.151616496174235*_var43_4 + 21.85483034688722*_var43_5 + 70.47741120829446*_var43_6 + 49.171738026258055*_var43_7 + 35.66082773554066*_var43_8 + 54.2640910397791*_var44_0 + 28.129859969909493*_var44_1 + 23.07175218267849*_var44_2 + 61.913051555569496*_var44_3 + 23.642397256674915*_var44_4 + 32.316187128227455*_var44_5 + 33.05707581352893*_var44_6 + 52.60981643566138*_var44_7 + 51.697841683175106*_var44_8 + 56.65899582612663*_var45_0 + 33.60096040704351*_var45_1 + 73.27413942320004*_var45_2 + 22.54291582417756*_var45_3 + 63.40633502466369*_var45_4 + 65.63603652416181*_var45_5 + 30.52590032566361*_var45_6 + 25.594718296945924*_var45_7 + 39.0189374048187*_var45_8 + 42.05086726366903*_var46_0 + 37.62885614456472*_var46_1 + 64.29119188751217*_var46_2 + 36.37705923931903*_var46_3 + 40.76064283591915*_var46_4 + 52.56606746363647*_var46_5 + 30.197141895807277*_var46_6 + 37.75632966722446*_var46_7 + 47.08231002899254*_var46_8 + 63.182732508402694*_var47_0 + 39.01760408283265*_var47_1 + 54.42343085039984*_var47_2 + 25.21439609097986*_var47_3 + 40.49361393032869*_var47_4 + 58.546951140193826*_var47_5 + 56.775306858084654*_var47_6 + 53.53627077639641*_var47_7 + 44.5884379869717*_var47_8 + 61.763657564668726*_var48_0 + 45.939755222402404*_var48_1 + 58.14464521905007*_var48_2 + 36.56632556487735*_var48_3 + 47.208221556070136*_var48_4 + 47.01094059270091*_var48_5 + 25.765512451949842*_var48_6 + 44.71359240805274*_var48_7 + 42.78742369560126*_var48_8 + 27.28834800209791*_var49_0 + 42.16117507478598*_var49_1 + 55.69439266005884*_var49_2 + 45.72516677574601*_var49_3 + 39.830848655457125*_var49_5 + 31.18367571371294*_var49_6 + 18.06842034744632*_var49_7 + 36.781729462292*_var49_8 + 33.4328332071315*_var4_0 + 39.637377516979484*_var4_1 + 33.306143309379316*_var4_2 + 22.967213317652*_var4_3 + 45.670057002280736*_var4_4 + 58.157976454863636*_var4_5 + 64.18692011113468*_var4_6 + 38.43626856867149*_var4_7 + 55.242400927797895*_var4_8 + 44.69666861746897*_var50_0 + 45.48419067798064*_var50_1 + 42.91851065587555*_var50_2 + 51.818438608937186*_var50_3 + 36.61483921112391*_var50_4 + 54.333222972616944*_var50_5 + 42.93419918553269*_var50_6 + 46.15836036007976*_var50_7 + 49.00602227733089*_var50_8 + 66.02996851350372*_var51_0 + 43.01008430290777*_var51_1 + 47.259711599835036*_var51_2 + 67.37320338915491*_var51_3 + 57.162737141905396*_var51_4 + 27.45369528995938*_var51_5 + 47.21226423672092*_var51_6 + 38.70435459304218*_var51_7 + 65.49498067334041*_var51_8 + 73.69377014574309*_var52_0 + 55.25199947896655*_var52_1 + 33.2521630274588*_var52_2 + 37.3910413723423*_var52_3 + 42.038345081084415*_var52_4 + 18.38315607988283*_var52_5 + 40.362034711607826*_var52_6 + 28.578496726803877*_var52_7 + 42.010500966228*_var52_8 + 40.591661138430446*_var53_0 + 22.88758157170391*_var53_1 + 46.559399570281045*_var53_2 + 39.73298972756491*_var53_3 + 51.029197599514255*_var53_4 + 25.88343318537911*_var53_5 + 43.343141290597586*_var53_6 + 57.5046598669571*_var53_7 + 46.0015585232778*_var53_8 + 30.287189832432684*_var54_0 + 39.52364088367792*_var54_1 + 35.31307007901864*_var54_2 + 56.42241776618438*_var54_3 + 31.837872118874834*_var54_4 + 34.02991355393911*_var54_5 + 27.436910989210677*_var54_7 + 55.09383215626882*_var54_8 + 60.065612680871105*_var55_0 + 39.57141711876062*_var55_1 + 60.37430195538859*_var55_2 + 33.23784577510625*_var55_3 + 57.05753209025016*_var55_4 + 63.66043462474802*_var55_5 + 33.00679427668934*_var55_6 + 46.8540923462138*_var55_7 + 53.97685854534*_var55_8 + 35.949235795340115*_var56_0 + 34.29302702049544*_var56_1 + 34.3995629150006*_var56_2 + 59.226099924337795*_var56_3 + 43.34347873371484*_var56_4 + 41.09472114729179*_var56_5 + 47.01518718661282*_var56_6 + 57.63321613346279*_var56_7 + 54.4187744037297*_var56_8 + 22.82645439400904*_var57_0 + 57.93018441362632*_var57_1 + 39.25806500178603*_var57_2 + 29.805585246235385*_var57_3 + 62.27493381356736*_var57_4 + 24.82800170384187*_var57_5 + 51.3185262655175*_var57_6 + 60.08475866351225*_var57_7 + 40.0039125713136*_var57_8 + 46.22241619830851*_var58_0 + 60.821697058823126*_var58_1 + 40.69539057011259*_var58_2 + 42.76943127981967*_var58_3 + 57.26732451393285*_var58_4 + 46.53851840562608*_var58_5 + 33.994926464039054*_var58_6 + 45.64093768172017*_var58_7 + 66.85284456849152*_var58_8 + 56.3344268832809*_var59_0 + 36.52447777401203*_var59_1 + 29.8674151456943*_var59_2 + 24.729613330752443*_var59_5 + 41.739331757808536*_var59_6 + 29.615323206452807*_var59_7 + 37.7976458984698*_var59_8 + 41.3084274252773*_var5_0 + 52.8808528183499*_var5_1 + 60.64004109163442*_var5_2 + 32.081258241905736*_var5_3 + 41.83843754022528*_var5_4 + 75.94804685101583*_var5_5 + 57.065555508686195*_var5_6 + 43.256351450669555*_var5_7 + 57.36703080000149*_var5_8 + 60.70551502565148*_var60_0 + 27.43838536313998*_var60_1 + 55.90452939176186*_var60_2 + 43.5260274272727*_var60_3 + 55.81643188579217*_var60_4 + 51.98413178334824*_var60_5 + 64.51999462736991*_var60_6 + 27.735741268936202*_var60_7 + 27.178817670561692*_var60_8 + 35.425018291056844*_var61_0 + 30.155592781734068*_var61_1 + 29.49149122432236*_var61_2 + 53.56986160514982*_var61_3 + 33.27937703642278*_var61_4 + 55.31701604490871*_var61_5 + 51.970599950227864*_var61_6 + 36.701611989843*_var61_7 + 42.738725135688306*_var61_8 + 65.1423266461614*_var62_0 + 48.52918914258788*_var62_1 + 49.1265474357819*_var62_2 + 47.003643173473044*_var62_3 + 23.387479327031645*_var62_4 + 26.855341492651018*_var62_5 + 60.176522100749565*_var62_6 + 38.90002197817698*_var62_7 + 40.4775887153139*_var62_8 + 55.08181883188886*_var63_0 + 43.15771079267067*_var63_1 + 33.84365351761354*_var63_2 + 43.192172057640974*_var63_3 + 32.26743308578012*_var63_4 + 29.142070766302474*_var63_5 + 61.94380517157933*_var63_6 + 34.481332319781295*_var63_7 + 62.38728965757329*_var63_8 + 40.11537452931745*_var64_0 + 35.4354964019816*_var64_1 + 38.570073958993824*_var64_2 + 49.259196600316734*_var64_3 + 45.257518375322896*_var64_4 + 31.936765050449587*_var64_5 + 32.26029495859945*_var64_7 + 49.8991453898912*_var64_8 + 38.899382539292006*_var65_0 + 45.71035416568245*_var65_1 + 28.879821608401233*_var65_2 + 55.87817433674734*_var65_3 + 37.684950873816625*_var65_4 + 21.982856372641322*_var65_5 + 47.56545495587915*_var65_6 + 28.431726352628466*_var65_7 + 55.798823515697094*_var65_8 + 34.21735478138632*_var66_0 + 64.84560823027937*_var66_1 + 36.60921978037067*_var66_2 + 34.16074988063663*_var66_3 + 48.370316155775605*_var66_4 + 26.097822828022196*_var66_5 + 60.35754664934441*_var66_6 + 40.60880072604048*_var66_7 + 30.632429216055414*_var66_8 + 54.57610672574658*_var67_0 + 41.26449368202215*_var67_1 + 59.07642245529136*_var67_2 + 34.42123702347157*_var67_3 + 51.2006565324074*_var67_4 + 49.731048876371425*_var67_5 + 48.00133283099133*_var67_6 + 55.35966553665539*_var67_7 + 48.12812863047001*_var67_8 + 33.825140526124756*_var68_0 + 48.02026606731764*_var68_1 + 34.51367267539184*_var68_2 + 50.50236290564948*_var68_3 + 52.88051885234354*_var68_4 + 49.70806248214158*_var68_5 + 56.95483658415427*_var68_6 + 42.040163686240376*_var68_7 + 50.27766648029819*_var68_8 + 58.356502273640224*_var69_0 + 34.607189601109084*_var69_1 + 44.59757742036332*_var69_2 + 28.7276470775427*_var69_3 + 34.43371487065159*_var69_4 + 55.68040987987952*_var69_5 + 41.60288413748822*_var69_6 + 37.5964105976081*_var69_7 + 28.731101075813342*_var69_8 + 37.13427013083246*_var6_0 + 54.52296868746676*_var6_1 + 49.25263022541686*_var6_2 + 41.16248438053905*_var6_3 + 28.40417109380066*_var6_4 + 52.613844301256016*_var6_5 + 27.82816958250548*_var6_6 + 28.784629836580812*_var6_7 + 33.215432470803904*_var6_8 + 56.500551157379206*_var70_0 + 80.06235598776165*_var70_1 + 44.4216978107917*_var70_2 + 43.646613413611135*_var70_3 + 59.129427804035736*_var70_4 + 60.33408601924891*_var70_5 + 45.51969201011269*_var70_6 + 51.21255163167617*_var70_7 + 21.443437182307502*_var70_8 + 45.06235021809662*_var71_0 + 28.086953651407846*_var71_1 + 55.542858953803346*_var71_2 + 44.82383363346012*_var71_3 + 46.4506003134132*_var71_4 + 44.64271449097243*_var71_5 + 49.765196033395526*_var71_6 + 33.326360387562296*_var71_7 + 32.38484817167091*_var71_8 + 36.84685052748979*_var72_0 + 36.96851207937203*_var72_1 + 58.321962261392585*_var72_2 + 46.089902245132194*_var72_3 + 48.89937137413673*_var72_4 + 66.06649137383856*_var72_5 + 43.07671107529476*_var72_6 + 55.56153104484619*_var72_7 + 28.01491143583518*_var72_8 + 21.805622879270615*_var73_0 + 56.37981976473335*_var73_1 + 40.147312909187086*_var73_2 + 37.29517691795326*_var73_3 + 44.609409074131904*_var73_4 + 32.875066966535904*_var73_5 + 57.037502574797585*_var73_6 + 51.95793846892584*_var73_7 + 67.9197587620365*_var73_8 + 40.33046920569465*_var74_0 + 34.15816491275965*_var74_1 + 26.129168387020997*_var74_2 + 41.038409353497464*_var74_3 + 43.87035214341739*_var74_4 + 37.74745160154741*_var74_5 + 59.181708229688375*_var74_6 + 54.55452825511443*_var74_7 + 37.46594617549921*_var74_8 + 41.340073808603464*_var75_0 + 61.97455512358545*_var75_1 + 65.25755450199664*_var75_2 + 57.87127520419836*_var75_3 + 65.02801270912117*_var75_4 + 53.01818019636137*_var75_5 + 38.4658911665281*_var75_6 + 47.66096842824941*_var75_7 + 38.17993763525311*_var75_8 + 31.577645735729185*_var76_0 + 50.604170662328436*_var76_1 + 19.870435653720946*_var76_2 + 49.07262461663977*_var76_3 + 40.31243874259904*_var76_4 + 54.40378175035344*_var76_5 + 42.608094719014346*_var76_6 + 57.97991160647382*_var76_7 + 34.76410540888319*_var76_8 + 50.981009032458005*_var77_0 + 41.91523470467934*_var77_1 + 69.61668566084694*_var77_2 + 64.49531984406282*_var77_3 + 42.87947911829178*_var77_4 + 30.519435853836846*_var77_5 + 62.493092528182025*_var77_6 + 59.50807348173215*_var77_7 + 48.24642452751089*_var77_8 + 38.59178502691299*_var78_0 + 36.185486571587575*_var78_1 + 36.60400056431808*_var78_2 + 59.6643476692408*_var78_3 + 45.58403411558253*_var78_4 + 42.672190151384264*_var78_5 + 40.2368535546359*_var78_6 + 51.07381384673279*_var78_7 + 65.64896348197914*_var79_0 + 53.24973940109195*_var79_1 + 24.12422439831863*_var79_2 + 53.183666704169106*_var79_3 + 19.434885682141733*_var79_4 + 41.55665145070236*_var79_5 + 67.43467567311717*_var79_6 + 44.325309333274*_var79_7 + 41.22794056915439*_var79_8 + 58.35134944373583*_var7_0 + 62.05270584962796*_var7_1 + 53.934127709597504*_var7_2 + 45.438573543100716*_var7_3 + 52.882377165712256*_var7_4 + 29.26912686637761*_var7_5 + 24.60322134148534*_var7_6 + 44.3601038300303*_var7_7 + 21.322369264601065*_var7_8 + 36.42697465553773*_var80_1 + 62.977275691312016*_var80_2 + 23.609810450466682*_var80_3 + 41.07363431102948*_var80_4 + 53.345327786057844*_var80_5 + 60.048259291204545*_var80_6 + 39.51683472790868*_var80_7 + 57.20143798747841*_var80_8 + 35.67691560426528*_var81_0 + 67.96751279350546*_var81_1 + 57.51503778662498*_var81_2 + 49.10221222574378*_var81_3 + 58.15309760142565*_var81_4 + 38.680813541935485*_var81_5 + 45.30114538392739*_var81_6 + 43.69273977273781*_var81_7 + 48.901133991550495*_var81_8 + 44.41811550511793*_var82_0 + 41.375417665865335*_var82_1 + 61.73924521237413*_var82_2 + 61.168010706836704*_var82_3 + 47.53460708340903*_var82_4 + 41.060379386752246*_var82_5 + 52.030279187344334*_var82_6 + 46.756168046759136*_var82_7 + 43.504615126134006*_var82_8 + 22.21953133243669*_var83_0 + 28.599019027711886*_var83_1 + 69.98012061011606*_var83_2 + 50.61680660134528*_var83_3 + 26.66933548972341*_var83_4 + 46.01856838575407*_var83_5 + 27.44200085687681*_var83_6 + 67.30214005516653*_var83_7 + 38.277613651027494*_var83_8 + 36.13901461149957*_var84_0 + 46.555446345556845*_var84_1 + 47.27437285551315*_var84_2 + 59.28087545278131*_var84_3 + 49.22103961150981*_var84_4 + 52.13342730822998*_var84_5 + 32.840172218283655*_var84_6 + 53.73428160717975*_var84_7 + 45.083772012115794*_var84_8 + 44.32166503931696*_var85_0 + 38.21537703250207*_var85_1 + 38.011821818673674*_var85_2 + 36.25074317785926*_var85_3 + 34.43883846145054*_var85_4 + 38.64369913559685*_var85_5 + 37.5941059904126*_var85_6 + 64.93718765245058*_var85_7 + 27.218653978293005*_var85_8 + 52.62620941758015*_var86_0 + 36.05905378256307*_var86_1 + 18.888586589086565*_var86_2 + 59.742350697477384*_var86_3 + 53.47070927101109*_var86_4 + 31.60168086998306*_var86_5 + 35.454780178819306*_var86_6 + 38.823368418057186*_var86_7 + 26.14073029441137*_var86_8 + 30.450768896974697*_var87_0 + 30.617633712663608*_var87_1 + 57.67158310052175*_var87_2 + 20.551795011032564*_var87_3 + 31.973227139188882*_var87_4 + 47.25067320451646*_var87_5 + 35.18387431407718*_var87_6 + 67.77666504115517*_var87_7 + 56.089704506775306*_var87_8 + 33.17037708901614*_var88_0 + 50.57528801548943*_var88_1 + 33.727432553968036*_var88_2 + 32.10021954507214*_var88_3 + 45.10952371946957*_var88_4 + 52.150291617261345*_var88_5 + 30.219144137461452*_var88_6 + 46.035782982041916*_var88_7 + 61.95000273312509*_var88_8 + 58.27203709990957*_var89_0 + 54.71637635344766*_var89_1 + 62.44298982669602*_var89_2 + 37.974609388913656*_var89_3 + 62.52523345078716*_var89_4 + 60.486422423720065*_var89_5 + 40.03313043469459*_var89_6 + 49.35968221189081*_var89_7 + 38.079876601901695*_var89_8 + 25.749225825388244*_var8_0 + 52.37017799266123*_var8_1 + 51.63626923894095*_var8_2 + 39.98552744858534*_var8_4 + 46.80064051678859*_var8_5 + 38.22539691118693*_var8_6 + 41.52831850860864*_var8_7 + 37.86239942892712*_var8_8 + 43.816264539752666*_var90_0 + 27.568565514294292*_var90_1 + 31.602803337351617*_var90_2 + 61.498179985250886*_var90_3 + 31.30773144154161*_var90_4 + 36.76790748247174*_var90_5 + 43.428367375638764*_var90_6 + 52.92257495535489*_var90_7 + 53.85899968070761*_var90_8 + 61.70240027535496*_var91_0 + 41.94731487529196*_var91_1 + 51.785072843933065*_var91_2 + 47.690620472097*_var91_3 + 70.72434328284848*_var91_4 + 54.49534019387224*_var91_5 + 64.05583805407379*_var91_6 + 55.8789202619773*_var91_7 + 73.73948308546319*_var91_8 + 44.25408057067921*_var92_1 + 40.86770839862226*_var92_2 + 37.1903006654619*_var92_3 + 33.92851260760306*_var92_4 + 30.290502144471446*_var92_5 + 58.10478869412088*_var92_6 + 48.29377315599204*_var92_7 + 48.85066837177521*_var92_8 + 35.775106756619905*_var93_0 + 28.060328507759113*_var93_1 + 48.121559885858346*_var93_2 + 68.1973051999878*_var93_3 + 66.33531016647082*_var93_4 + 69.20627430906369*_var93_5 + 41.99531532250056*_var93_6 + 44.82430655555457*_var93_7 + 58.17030326329681*_var93_8 + 48.46096011677982*_var94_0 + 30.404810127247632*_var94_1 + 66.45237074749446*_var94_2 + 62.57291281486711*_var94_3 + 50.45546268180092*_var94_4 + 60.130605426792066*_var94_5 + 41.86363020696707*_var94_6 + 52.12147766573507*_var94_7 + 51.528736723095*_var94_8 + 60.876412928558004*_var95_0 + 68.36684747224977*_var95_1 + 51.92332181578507*_var95_2 + 58.97184290439808*_var95_3 + 28.745866689403865*_var95_4 + 40.68784600328934*_var95_5 + 69.28465224044719*_var95_6 + 50.13000080479475*_var95_7 + 51.42307726993861*_var95_8 + 41.68824833887325*_var96_0 + 46.435268458914145*_var96_1 + 43.574098007375625*_var96_2 + 38.27897097267414*_var96_3 + 37.35893882349434*_var96_4 + 35.51046632407176*_var96_5 + 57.214324602460124*_var96_6 + 71.97051055210167*_var96_7 + 27.367388151812282*_var96_8 + 34.772847284394174*_var97_0 + 37.93421675734118*_var97_1 + 32.037504180178615*_var97_3 + 29.363759667903988*_var97_4 + 50.5374711710785*_var97_5 + 21.1320164369123*_var97_6 + 41.51202123628519*_var97_7 + 40.865700245528*_var97_8 + 39.03612772974291*_var98_1 + 62.01096755098524*_var98_2 + 63.25997367892275*_var98_3 + 39.46171149067913*_var98_4 + 55.32750751521142*_var98_5 + 56.9228612241505*_var98_6 + 28.484251188064576*_var98_7 + 31.665658756239996*_var98_8 + 56.04387218202546*_var99_0 + 30.935344899747285*_var99_1 + 30.982266824160618*_var99_2 + 37.952860446468*_var99_3 + 49.66790155355279*_var99_4 + 53.55638505225922*_var99_5 + 52.19289223210575*_var99_6 + 59.92068964755357*_var99_7 + 39.2054669856648*_var99_8 + 49.05146639966974*_var9_0 + 25.371657328682296*_var9_1 + 39.878044555545856*_var9_2 + 48.494002527816654*_var9_3 + 44.221760395725205*_var9_4 + 23.072535527187018*_var9_5 + 42.04297539223921*_var9_6 + 45.6522467276621*_var9_7 + 56.49503924120131*_var9_8
3789.841527883066